user_id,web_id,email,visit_datetime_date,visit_datetime_time
96e74e45-4075-40e0-bf03-50a0cf393807,e1127921-4e84-4e4c-8431-1da3218d4663,jensenjoshua@hall.com,17/04/2025,17:52:53
d6ac2267-a276-4236-9abe-8d363caf55c4,9b8f24b9-92a4-456f-af0a-8e6a39be44b5,douglas70@rodriguez.com,24/03/2025,18:54:03
5429fc8d-7c28-4457-9e2d-1fdca35dc4f9,0ebaa26e-f277-4e2c-8b8c-359698dcd232,amanda79@gmail.com,12/11/2024,14:22:12
5b9cc20e-c4d3-42e1-b521-bf71fa3926e8,2356943f-7d55-48a8-b32f-cbc712ed3282,brian16@gmail.com,04/01/2025,07:40:58
de5b53fc-2fe4-48f9-a46c-0af2cd7123e1,b2b1dffa-b60e-42c6-a5e4-0fc6fd5f0a2b,joelcummings@yahoo.com,10/12/2024,07:50:04
8390b036-fe22-4476-8fdf-c6f9fdbb91ea,31df8ffa-7c6b-45c8-887f-548ad40cc02a,paulgordon@gmail.com,03/02/2025,11:12:42
c5dbc5fd-c028-49d7-902d-dce49ebced1b,d09e1b11-90ef-46e3-9b3a-1d261ac38540,kaylachen@hotmail.com,10/03/2025,16:44:44
c423c797-ec75-4413-9602-748498113d86,91433796-2ffd-431e-9aae-9d2ab8d6b6e3,brianhenson@gmail.com,15/12/2024,15:38:44
1588a47c-8994-4690-aee8-6346eade34b6,ba8b3ece-5337-4062-ab24-db04ccec38fa,barryayers@simmons.info,26/10/2024,11:54:37
09b33fae-4624-477b-afc3-e4c9dc5cf6b6,cb1d4493-9c13-4098-9ff6-8eaaa9dfcae8,nleblanc@yahoo.com,16/04/2025,19:21:39
a493d6c5-5fc3-40f1-80c9-b27fcfc47cfb,b6df2e9b-3245-44de-ac82-963c09e0502e,kramermackenzie@marquez-noble.com,29/01/2025,10:26:21
40e68922-9187-4102-b4c4-547e6100ccd8,f3dcfc8d-fbed-4319-91bb-96e542df83c3,cortezlisa@yahoo.com,29/03/2025,06:06:29
9a0ce211-3391-4a53-96a1-e2c93c752cfd,a86b1d83-aaf9-4f64-8745-6f1574ac5a10,xbrown@wagner.net,19/03/2025,02:31:14
0945786c-9482-4629-93f0-b28b550da47b,d709c590-aa08-4541-ba93-091068e8584b,michael88@delgado.com,02/01/2025,01:40:14
a1754e9e-6399-47a8-9664-445ee7367454,66deac64-c285-4975-b21e-728aa62380e5,joshua82@yahoo.com,29/01/2025,23:14:29
57c9a81f-0951-4e83-ae2f-65393320c2b9,9c750619-bf73-4b51-9ec6-9d6373e2dcd1,kevinliu@gmail.com,26/03/2025,20:13:15
16644eb8-67b3-4d34-9782-b0b2475a2352,ac45f7f4-2b54-45ea-b29b-408cdb682f96,othompson@walker.biz,28/01/2025,16:47:49
3c730cbd-0d8e-4dec-b05e-1b6017c9b840,ff608610-eb0d-4d7d-be83-ad51cca67432,yfuentes@gmail.com,15/01/2025,11:51:47
badcbe02-eea4-470d-8bad-19b11687b5aa,c183d7f1-3213-4e96-a407-d764ac9cdfd7,amandabrewer@yahoo.com,23/01/2025,13:13:25
7acff855-11d4-4162-ad44-1a4d82471aa6,b7cc5ec1-d341-435c-95a8-28ba5fe8aab0,charles64@duarte.com,29/10/2024,06:52:00
c61a6a99-1922-4963-acf3-4ed91472ce77,1544e589-ff9a-42f2-9827-ec76005145e7,lucasgilbert@hotmail.com,17/12/2024,12:00:04
ac047ee0-6087-432e-86f6-b294ece05e17,d2999d44-c7d1-4100-b19e-4611381b37e0,sonyaoneal@fowler.org,13/04/2025,12:01:35
6bd13acd-e970-4608-a6f1-99a1e6ef70ae,c17aaf0c-dd08-435f-9075-9efb9a23b60d,james72@williams-white.biz,24/02/2025,04:09:18
d1bd3243-4a70-48ee-99c8-63ba09e72f38,4273e8e6-1a34-49f0-aa89-a01122f72cb0,smithronald@lester-johnson.net,27/11/2024,15:12:40
478647d0-d128-4fea-9731-32eff40440e2,a2ff8713-cd42-4d37-99c2-b967bc098911,timothy53@jacobson.org,22/12/2024,19:58:48
5e24d725-81e5-48b2-a6bc-2bad6cf7f7c4,eba8ffd7-8c74-4522-8296-aa3acfc9fc12,mendezpaul@hotmail.com,29/01/2025,12:02:01
ed1c5fac-20b8-4523-ace4-f2d3b2a8f828,982fe107-1051-4ec5-b4b7-a40f4176b918,lchristensen@gmail.com,06/11/2024,07:12:18
6e8fdac5-95a0-4629-a67b-9ba3a2227c39,db4e012e-b572-4c24-83ba-21388d240cb2,bwatson@hotmail.com,08/11/2024,06:14:56
b173903c-d0eb-4767-ab17-c00c486b520d,e178e8e8-f9b3-4254-99d9-7952d4e563da,thouse@lang-wells.info,22/11/2024,09:46:11
9e956064-2e99-4b4c-8dc9-822179863bc1,2868ab9d-c3c1-40d0-8acc-d99432914e1a,amyabbott@gmail.com,20/03/2025,11:54:35
9bfad9dc-df87-4b79-92cd-681c2577636a,ceb4cdee-540b-4363-b996-2e35639f42f2,award@carr.com,02/02/2025,08:11:12
dc1abb79-57ef-4db5-a5ad-6108e4a67ed4,755c3074-56c5-4cd3-b47a-9c7fd76d4ecc,vwilkinson@smith-bryant.biz,01/02/2025,01:11:53
a8a92e2e-3e99-4ba6-b07f-8446156c4e0f,87f0f0e9-b96a-4e2c-b254-317a4baede60,ddeleon@hotmail.com,22/10/2024,09:58:06
ba9a2bff-8d93-47f2-b6af-19d40ca43c67,4bbed8bc-8e7b-42e9-adff-d67ebdb97ae6,ymorales@yahoo.com,20/02/2025,01:53:43
bb925499-af3b-49cb-b3c1-b17e3ede9349,42df96b0-ea53-4b78-a445-5c16384fd46d,vortiz@sanchez.com,03/11/2024,05:24:41
ed1c5fac-20b8-4523-ace4-f2d3b2a8f828,7499f9a4-b89a-4a31-9b9f-18e66a8b678d,youngstephanie@yahoo.com,01/12/2024,04:21:59
b173903c-d0eb-4767-ab17-c00c486b520d,c2e34237-c2d4-4662-890c-15c6e62b74e3,nicole64@yahoo.com,28/02/2025,07:19:29
00b23430-2eaa-4c49-91f8-0cc8e4fa29d6,0f26bed0-fd66-49f9-a6e8-d8583fdff12e,joseph93@yahoo.com,20/02/2025,08:23:51
2b603480-f891-4df0-9faa-e4d910a91f56,00633d0b-8b5c-41ec-97d3-26581a7e9c65,cmeyer@hotmail.com,20/03/2025,12:42:10
06d66c4c-9ef9-48f4-a62f-9fc340d1a363,0078a1a6-deaa-47cf-83b3-31b5d05a1552,ewoodard@anderson-munoz.net,01/12/2024,17:51:39
84583ad4-2ff0-43cd-96ff-3e8f478b93aa,acf5d5ea-9865-4164-9a89-e8942321d3f3,ylawrence@mays.info,07/04/2025,14:56:45
1e3e7673-7533-4502-8228-b0ba9835f71b,3dee0de6-02f3-4f54-87ce-b440d0da9bc4,pjones@cobb.info,03/03/2025,03:07:09
897db752-acc6-48d6-b07a-5fb7d19e336c,8d563a49-dd99-4814-8965-a2e38bc0925e,mccarthyjoel@faulkner-mendoza.com,11/01/2025,05:50:12
11c04962-2d18-4f5d-8dfe-9b99e9502c9a,822fc9f4-a66f-452b-8d4b-46f83a6cb3c1,hortonpatricia@gmail.com,01/04/2025,07:34:24
33f855fc-cf36-4efc-b2b4-6f98c7de6060,330e741a-6c71-46e9-a9e0-e3f3b36e5004,michelle18@gmail.com,10/11/2024,23:23:20
81d9ad61-2ec5-4d3c-a5cb-aff9b8198db7,60e620be-977d-456b-bdab-fd2c5605a174,kennethbrown@hotmail.com,30/11/2024,20:27:40
fdc7caa7-045c-4f09-8c35-e3378e179a0b,2b7c35d6-91a1-4f06-ba4a-67074dcfba25,llang@carter-castillo.net,02/02/2025,08:58:02
e65813bd-cc0e-4116-8c6a-6bd3af4a5eb7,48513577-df72-4daf-845c-3e26781366ae,joyce60@hotmail.com,31/03/2025,20:37:12
2f9e175a-7a36-4364-88b3-3271c562eb23,a82b2277-7260-41e4-b732-70cb15c9b405,bryan45@yahoo.com,06/03/2025,18:18:50
a7f3a8ef-488a-419c-9811-1e89e62a8890,2544e61e-c70d-4d82-9713-b3eaff85b11c,jackie87@gmail.com,09/04/2025,05:20:15
f99d4211-dd39-47d5-a043-1360390f4d3f,2bfeb830-b7e2-4800-8b0c-397443e6e361,julie35@hotmail.com,14/03/2025,02:40:50
e7f1e5a4-176c-4ace-8ae3-994c11386483,35e0008d-e3e8-48d8-8136-d52f29731d92,elizabethcannon@keller.com,20/03/2025,09:55:08
d6ac2267-a276-4236-9abe-8d363caf55c4,edb30a4e-ebf0-412f-9b8c-df5a1be7a3fe,benjamin46@yahoo.com,13/01/2025,17:37:56
b02e9c8c-24de-4a7c-b38c-c4dc6ef60c21,646af5b3-956e-4b17-bea7-7c29a9f91258,ehansen@griffin.net,23/02/2025,16:13:46
b6952d35-9966-4b6e-9a18-2b09d0e4a04d,58664a05-3b50-4d1b-a589-bd0624c1c44f,carlos12@gmail.com,28/03/2025,03:50:30
5f02a1e7-7e87-4aff-a310-0758e2652aa2,8e08e57b-13e1-45f8-bf06-c174a4b419e5,lloyddaniel@anderson-hicks.net,04/11/2024,22:39:04
00ba9c88-a8fb-4cc2-9e1f-a871e9dfed54,75499cf6-811d-47ce-87c6-2de2675f5b8a,adamgibson@soto.biz,15/03/2025,06:32:24
48f5843e-7527-45b6-8cfc-abe58d4d1ebd,b499e9d5-dcce-4d13-a7f5-8dbb3c6809d4,dawsonbradley@love.com,03/03/2025,21:48:32
fbf1b5f1-8367-4c46-82ec-c56bc444b0d7,695a66f0-cfef-46a8-85f1-f49669510414,martinezscott@hester-robinson.com,20/11/2024,12:31:33
6bc6f6aa-dd5d-49ae-ab7a-d72395c82103,35229550-964d-4b24-baaf-1f8b0c9545d8,kimberly30@garcia.org,25/10/2024,15:11:20
3584f300-bba0-46df-b8a0-fbd8fd189c11,b3bd1f70-4ba8-46bf-b392-ffc1c3e6edf8,smithkarla@fisher.com,18/01/2025,23:23:33
638224c2-bfc9-4cb8-b29e-31d99c89aae2,8f471a6a-8d8f-4717-a126-4d6b2f87250e,ysantos@yahoo.com,09/03/2025,23:30:45
f0746023-66df-40a6-8b35-26c13fced4dc,004c8224-a816-4ec1-be70-9e6cb9cd5e52,smithdavid@king.com,24/12/2024,16:30:17
b8aa70e7-5e19-4894-9fac-2ad615172ea1,17a9bb9f-1bc4-481d-bdb9-4f45ca43efbb,prubio@gmail.com,28/10/2024,19:25:40
2118e98c-8fcb-4458-9f73-41171cdf0cea,c2390465-652c-4ff7-bd7f-68be0e17b5fc,joshuamarshall@yahoo.com,07/11/2024,19:41:02
3b4d7fec-6cbd-4ff3-baf5-aded5c86a38f,82d8f911-1bef-405e-ba91-99dfb086c91c,swilson@johnson-walker.net,04/11/2024,07:14:57
fc8ce921-60ff-4986-9d19-da34ed7dc42b,73f0d286-3480-4319-ae78-7135bd20457f,lowejesse@petersen-richardson.info,31/10/2024,07:28:55
e229c4e4-0822-4897-9e22-a7ef8fc104ea,4d510d3a-89c4-44bb-8d13-bdb154aae2d6,robertblackwell@hotmail.com,24/11/2024,08:25:13
b5dad994-2605-48fd-b1b9-d1fce87cdd7f,d1596d7f-457a-4569-bf6b-75262621b248,charles50@yahoo.com,24/03/2025,10:27:56
40bf6beb-d830-43e6-956b-b1b90ac30d9b,476ab606-9da9-4235-961d-e57231a18ab3,hunter06@yahoo.com,09/12/2024,13:36:10
1c162d2d-1b33-448f-9cb9-5b4151ead441,c5b22aa6-6fb3-4685-b265-3120c39d0cbc,tylersmith@blankenship-mcgee.com,06/02/2025,12:16:35
0e4d7194-b293-4d7b-a23a-68348b708809,7aba8a3a-518b-4eaa-bfd7-cd065970bda3,torresjared@hammond.info,04/11/2024,03:08:48
304ffdb9-60a7-4cc1-9bf0-0384e9e6d1df,c4e92d43-1151-485e-8fab-82c3dc225dbd,swilson@campos.com,09/02/2025,03:18:28
6a90ecdf-06c3-4652-af2c-ec2826cb26e4,fee4b09a-232d-4e55-a583-5a9eb43480bd,yvonne50@alvarez.com,29/03/2025,17:22:14
6ed4e1e0-d7ce-4593-932b-97872cf717ed,15512402-e2ce-4112-befb-d0f89886c08d,tamarawells@cantrell.net,04/12/2024,19:02:29
304ffdb9-60a7-4cc1-9bf0-0384e9e6d1df,96c469fa-71c8-4c37-8ed5-3d9296eb7dd3,garciachristopher@fletcher.org,16/04/2025,17:39:21
dfb17529-8a21-45b3-ae2b-961d7559059e,322768f7-fb37-4f80-ba4d-e13af92aed5a,staffordveronica@flowers-holmes.com,10/12/2024,14:28:29
4c06e855-6bd4-4493-aefd-44744634e3f9,7a16be26-3a73-4081-8afe-3c5a7d686e9c,randalltammy@reid.com,08/01/2025,14:26:23
a7f3a8ef-488a-419c-9811-1e89e62a8890,7dfefbe2-5920-4ab0-8cd1-685804306560,bbates@yahoo.com,04/01/2025,16:20:17
bb84893d-b1bb-419f-be04-653393f85fe3,692651a6-293f-45bf-9de0-6498a35354a7,wrightsteven@russell-leblanc.com,16/01/2025,13:01:11
3d50a19e-084f-4803-84de-8b2d3078c698,f9c8594b-f5b5-412b-b405-f13d3c125eb4,todd24@parks.com,20/02/2025,15:14:16
5f6fbd14-7660-4968-84b7-16fd32b25111,d70820ea-01e7-4e7d-a8dd-6179ad5ceac5,wilsonphilip@yahoo.com,07/01/2025,21:04:22
c61a6a99-1922-4963-acf3-4ed91472ce77,bf579499-9b7f-4294-884d-426418f42f4b,theresablair@wheeler-taylor.biz,13/01/2025,03:18:53
5d586638-25c6-4bfb-a04f-47005a7ab885,8ed9b490-1d33-465b-bb57-18b95235bb80,danielmoreno@richard-snow.biz,21/12/2024,17:32:34
ebe4037f-1334-45e4-85b5-371cac2decf7,9c7c793e-43dc-4a4b-9a40-db0f49f3eae0,aleclarson@yahoo.com,24/10/2024,21:05:50
0d630ae4-2b82-40d4-9c45-cc6dd6496068,7be39d45-e13f-4461-afa5-15c189ac2d01,emily30@yahoo.com,04/01/2025,09:59:14
67296609-57e6-42e3-a086-76616f32c81f,ba8a2970-20be-496b-bf0a-8e50727e4669,teresapena@gmail.com,01/03/2025,04:07:04
10bbf6c6-8d8a-46fe-84a0-4bcd6bf65e48,dd0851fe-6774-44ee-9b46-e07349d3bccd,russell67@hotmail.com,13/11/2024,12:02:34
6d93fb8e-6c4a-4936-ac74-3ee8e8ca3546,3acb93a3-e18f-4594-93fa-17959397e49e,sjordan@hotmail.com,02/02/2025,07:21:12
fe7671c0-e910-48bf-9f08-38590613b2c8,dd2b77e4-3a6a-4403-901a-63750ca6d732,karen55@king.com,22/10/2024,22:21:16
1cae8749-7172-480b-a837-345d8b302cca,56edca12-e673-40d9-9a20-87ff9e110d1e,jedwards@morse-soto.com,22/02/2025,10:47:52
a1754e9e-6399-47a8-9664-445ee7367454,37347ee9-0246-49fa-b77f-b802ebd2038d,gwendolynbennett@hotmail.com,10/03/2025,22:54:17
8dd01243-d56c-4a01-a7ac-19fbb8da87be,0e479880-ce8d-4822-b3be-1ae2d8847a74,ryansmith@robles.com,18/02/2025,07:45:38
69533266-a14d-4a3e-b13f-09009b8035b5,e39c4fdb-e753-485c-9c7b-1d7b601814be,linda66@yahoo.com,02/11/2024,05:54:48
240a847f-1db7-43db-8b34-27a851ac9a6c,c6a753ab-4b60-405f-a8e6-c2b2b61fa53e,josephreyes@kennedy.biz,17/03/2025,23:47:34
717c21c1-354f-4d40-8ddd-cb322bac8db3,8f51ccb6-1ab2-40ff-906a-7b1b04976d3f,ncox@gmail.com,15/03/2025,09:00:49
9b9206d6-e69d-474c-b5c3-7d7d9360a45c,ef3bed80-b39e-438f-866a-f2936e9161b7,christianbryant@vega.net,12/02/2025,10:18:52
a330ca4e-9bf6-436b-9c26-7c088cd81da9,29c1c520-6875-4ed0-8fd2-1e623326a41d,jefferycoleman@trevino.com,30/10/2024,12:50:25
66162bcc-a72d-4e8b-80f9-058c394301e1,2e74b4e3-1121-4a9b-b432-5674dd9aaa14,williammyers@gmail.com,06/03/2025,13:52:37
8654530d-8a69-4d16-8c1e-81170d307608,a60c89cf-65bb-4fc9-9ec5-2057290a5f99,mary10@odom.net,04/04/2025,21:00:30
888e8f31-0c70-4d1f-9fe5-b387063ce813,a18356a4-49b6-4412-809c-2722ad0b3d01,andersonrichard@davis.com,04/11/2024,21:32:48
6d6da97c-705f-41b8-aea2-9725b14b879e,27c12b11-7de1-4f67-8697-521a6b59ad0a,ejohnson@gmail.com,29/12/2024,05:55:25
0fe739b6-2478-421a-96ab-7ea47caf9d00,2103b7ef-f426-4b0b-948b-5da143fd86b1,browntracy@gmail.com,26/01/2025,08:14:46
bbae985c-bea9-4d86-8220-4207a606ab8a,f376097a-21b0-49af-9897-d906249fb916,andrewleach@hotmail.com,10/11/2024,07:30:14
a6c76197-22db-4d0d-8b50-706636f115aa,985c036e-61c2-4684-81c2-1593714a1d70,jacob82@bryant.biz,16/12/2024,17:37:50
5b9cc20e-c4d3-42e1-b521-bf71fa3926e8,7f555070-7926-4da6-90f9-00dcae51960c,richarddavid@hotmail.com,23/03/2025,18:48:29
87955681-e8e6-4e89-b5d1-b650987fd211,86fa849e-c7ff-47dd-9548-a3fc9b662726,catherine43@burns.com,03/03/2025,15:21:50
f0315bd6-5f83-4a70-934b-712f7202ef80,f4c224ff-d1d1-4016-9477-ebc16a45a31c,thorntonnicholas@gmail.com,18/12/2024,03:20:54
c19ae5bd-78b8-4fba-8117-2453bbf9f03d,ed561bfc-3d8e-4890-8e87-883df249518b,bradley65@gmail.com,16/02/2025,07:27:49
b61c1270-f7df-4e0e-bd54-928ae1c3ae2b,76dd2cd6-0998-40c2-94ab-a0afd2bbf48b,zmorrison@hotmail.com,07/11/2024,23:26:13
0b4f4610-bf44-4b55-9393-992f71bb9fe1,f1059223-ea69-4624-92a2-0ea4356de1d0,amypeterson@hotmail.com,15/12/2024,15:28:54
f99d4211-dd39-47d5-a043-1360390f4d3f,ea7bd857-8959-4086-b9fe-7b8b2ad4dc63,phernandez@hotmail.com,18/03/2025,18:01:23
b1c2d098-6061-423e-980d-2276de44e3d2,e3ccc832-4fff-41f7-8700-c9e8d7df7110,carolynjohnson@mora.com,19/04/2025,05:36:55
806f406e-ddc2-4b92-b50a-13058062af92,917e1e0a-56c0-42e5-8817-dc0b985cb672,zcarr@yahoo.com,14/01/2025,05:19:47
ec323f1b-7a30-4ca2-a2e6-bf967572e10b,5e9a40d6-6661-4ea9-994a-67229b623f27,davidhughes@yahoo.com,03/01/2025,01:31:51
84d2c729-ab18-4d6f-97dc-8a02a34e0c52,5d4ddb80-cea8-43a3-9bb0-295399240ca8,danielanderson@flores.biz,06/01/2025,22:53:22
424267aa-aa5c-470e-8f67-4670b37398ce,1015acba-2c56-4cb5-b2b5-a6694a0237e8,hbrewer@gmail.com,29/03/2025,11:14:26
990705d7-dca5-439b-8c60-7b38f28353a6,90ddd32a-c688-4c41-8c8c-a83856f8f042,cjones@yahoo.com,26/02/2025,14:43:48
4757ab73-1e26-4d42-a334-a4edf507bd79,640147b2-ef6b-46f4-b165-58493e81410f,westjustin@yahoo.com,27/10/2024,13:48:49
ac9b253b-4adf-45f6-8d71-ee55f02ebbc0,8b9577c4-b09b-4c48-aa55-29a440eb7028,allenamy@jones.com,21/01/2025,23:34:19
fcd4750a-66e5-4801-9d4a-e2a23684540e,51b89720-cd44-4d1e-974b-86410b1626e0,virginiaevans@gmail.com,20/11/2024,11:37:01
220b2966-e2c1-4df4-adce-a43b740f4eed,cabfb086-5669-4f4b-8e20-847367f34305,torreskenneth@mitchell.com,01/02/2025,19:50:02
09b33fae-4624-477b-afc3-e4c9dc5cf6b6,d030a97c-bd6a-4cf9-925f-cf64cf1743c0,sarah99@hotmail.com,03/12/2024,05:09:21
7998c187-f024-4e2c-bb2d-389a4cb91003,78a06f41-84d2-405f-8cb8-da754cb64c7c,troy62@gmail.com,16/11/2024,19:40:51
7cb71c6a-32b6-4f66-a936-eebcb7a10d31,d2fff4a6-8025-4cad-85c9-37befded51a4,shannonsanchez@hester.info,15/03/2025,20:58:38
1fa27ab0-2680-4d58-be4a-bd80ccb7437c,e5070fd2-6dad-47d1-8b0b-81c7f2120946,curtis53@hotmail.com,05/01/2025,19:55:25
b61c1270-f7df-4e0e-bd54-928ae1c3ae2b,4272306e-9742-412e-88bf-62815d040c83,woodvanessa@hotmail.com,25/03/2025,13:13:25
99bd63ca-293d-4b4a-ac44-a4214ca5d8ba,39e5dac0-97d0-4601-b356-c4e727f91485,xfrank@hotmail.com,25/03/2025,03:34:24
2b603480-f891-4df0-9faa-e4d910a91f56,dcf4bdfa-40cb-4235-8059-09364bdc2824,shelleysanders@hotmail.com,04/04/2025,07:30:06
fbf1b5f1-8367-4c46-82ec-c56bc444b0d7,1aa06ff1-99d9-4986-8cf8-6190cf72d272,jill62@ferguson.org,04/02/2025,11:36:28
33f855fc-cf36-4efc-b2b4-6f98c7de6060,991878dc-ed5c-42d9-985a-5d95c3dfee35,poncedeborah@martinez.org,17/12/2024,21:57:19
dddb9301-91ac-4d95-bec4-00614ce78836,7624a541-b502-4d9e-8231-54b433319225,lisa15@harris.com,21/02/2025,03:10:06
0fa2e9fa-1e1c-4174-8347-1dc4e5976852,9368f4bb-84c3-480f-a24b-7d74a52be16d,ruth77@davenport.org,18/11/2024,22:35:11
4e5192d6-2cc2-4b5f-9f74-d6bf45dced92,cba450ad-a4b0-404a-b75a-c78f2f4aa6f4,grantconway@riley.org,18/12/2024,02:52:44
36fcee72-22e3-4719-8390-9e3849e72438,0a9e1252-52cf-4c49-8d58-dd51344a42da,bridgetkhan@yahoo.com,01/03/2025,20:31:01
0b4f4610-bf44-4b55-9393-992f71bb9fe1,08ce66d1-ba63-4582-812f-8e69929aa993,pamelavillanueva@gmail.com,11/04/2025,06:12:04
3722f388-421e-4880-b49f-e715c5a9b756,66b3bbc9-53a5-45f2-9b11-c9d488d5387f,james36@cortez.com,16/04/2025,13:18:13
bb925499-af3b-49cb-b3c1-b17e3ede9349,5f2bbc88-8e24-4dd7-8455-f3d20bc99bb2,ycoleman@coffey-mendoza.net,24/03/2025,08:18:42
d28329ae-9434-46ee-8a27-82f074ff85f7,49519734-92d2-4691-85fe-a376c9fce6ee,ggibson@garcia-haynes.org,07/04/2025,17:04:29
badcbe02-eea4-470d-8bad-19b11687b5aa,da093708-8aae-49d9-b2f9-1eb3ab476a98,jessica18@ellis.com,11/03/2025,02:23:33
3c7f4f4a-3b8d-415a-b033-61041bec20af,4bfdb9dc-3d27-4229-8918-b383ab7e22da,simondavid@hotmail.com,24/02/2025,01:10:20
3c8a6d74-e124-44f4-b2d6-fc53786ec7c3,80b5a3d1-de4e-4037-9874-551804cf7f3e,gli@acosta.biz,01/01/2025,14:25:10
31a650bb-84bc-427b-9899-fd8d40425cf8,ba907dbe-2dd0-43a9-b7da-dd8de7b8044f,daniel90@johnson-schmitt.net,23/10/2024,04:08:34
2c96da67-a049-4265-adb2-154eb5de1b23,10688ec1-41d5-405c-a468-f85257efafd4,jacob34@gmail.com,05/02/2025,14:30:47
62dd4831-b3b2-4750-b8f5-49e1c759dc59,e917216f-20a8-47da-b184-7761caf3f3e9,chelseamartinez@brown.com,09/04/2025,03:24:57
2f49f702-e54a-4b5a-aa5c-df3405ebc109,158f82b7-5e1a-4134-8404-4aa687ac27d2,ujordan@gmail.com,06/02/2025,07:08:55
4a0129dd-75f6-4e73-8784-61256a699a70,b0700a05-f5f6-42ed-bbf9-68693200895c,carolgibson@thomas.com,17/11/2024,07:19:27
7acff855-11d4-4162-ad44-1a4d82471aa6,e95e5434-96b7-4802-929b-024f94d54dc4,timothylawrence@smith-price.com,14/11/2024,23:42:30
806f406e-ddc2-4b92-b50a-13058062af92,a9e5a0b7-704c-4e87-84b0-0e8338000032,jennifer27@yahoo.com,29/10/2024,06:38:36
b6952d35-9966-4b6e-9a18-2b09d0e4a04d,2d22582e-6300-4804-9841-9631245bc24e,kennedymatthew@koch.com,22/10/2024,10:37:12
6298a0b6-e3fe-44bd-b8a4-c3af97cc910b,a9912b42-ffd0-4d75-ad02-f0473eda75b4,dereksimmons@hotmail.com,09/02/2025,17:45:43
9bfad9dc-df87-4b79-92cd-681c2577636a,685a3c71-d270-4a8f-b3a7-2ed15fa6b444,howardkimberly@thompson-murphy.com,14/02/2025,15:17:12
e649af88-f29a-47a7-856c-386fad928400,a9db318c-b60b-45d1-891a-360a19f81a8b,rollinssteven@gomez.com,05/01/2025,01:09:28
25fc9245-63f4-420c-acdd-579e966aea10,426a96d3-29b5-4b5f-85c9-ce931416dd4a,ericramirez@mcintosh.com,02/02/2025,03:52:25
bb5629ab-3c07-470e-9549-35dcfb9b0ae9,db761bb7-6fc6-4ef6-aef8-6a37f230ae02,markwebb@lam.biz,04/02/2025,20:51:15
c32949d6-4ae2-461a-bb3d-f89a81f12dce,2b5aa20c-251c-48ce-b598-9f273c4dd0fc,kcosta@bell.net,06/11/2024,17:21:58
a9b145f9-371d-4a38-b32f-a701800c3f72,79a64c0d-e825-4730-963b-42c2e3c5fbef,nstark@hotmail.com,19/12/2024,19:56:31
71558a8b-5454-4782-94c5-c1806dcad879,3359b357-3ada-4f43-8ac0-b9a43b669dab,christopher31@wagner.com,01/12/2024,15:29:36
8495d114-8423-448d-9dc7-ad2dea645c8d,f76522b9-c796-48e2-bc94-8df9b5742b0a,ruthwilson@gmail.com,15/03/2025,02:47:05
db31fe97-0b20-4840-bc13-4151e4f746c7,793c8292-3e90-4a4d-8397-a63e918df76d,pryan@harper.org,14/03/2025,10:41:56
2918e44a-cbba-4427-9e8e-8eca4466658d,4fd7fd0c-ccb0-4f0d-95d6-77843264c1c8,andrew19@gmail.com,14/04/2025,15:22:44
40e32d4a-ea77-4849-83c4-f86c96443911,d73849a9-6a2a-4595-957a-f15908820c01,phernandez@park.com,11/03/2025,23:50:19
14d89dc2-745a-49df-bb39-e192ff1a8020,a43202b0-c32f-4518-ac08-3f3826ee1106,doris07@gmail.com,27/12/2024,13:39:52
c440adc1-64d5-42f0-b647-19e0d4cd29ac,f0fd234f-2cf6-41cf-9b66-dfc9481bea99,cwilliams@allen.info,01/12/2024,06:26:15
1cae8749-7172-480b-a837-345d8b302cca,c8efee89-be05-479f-96ef-4d6a5c2b7226,kathleen58@franklin.com,09/01/2025,06:57:39
50d1e0fa-46a9-463f-b861-657b116b3f41,3d95afb0-298e-49f2-9b6d-7d640d8cafa7,ajacobson@hunt.com,15/04/2025,14:29:24
97a91ce7-7241-4940-8afd-337dba8c6e9c,0e3a5cfb-2e40-46f8-84e8-b0fd948c7a9a,michaelcarroll@miller.info,23/02/2025,22:11:44
1d95dd5d-80cc-4a91-ac60-f97e7a73d7cf,7a572b28-c773-494c-bb77-e64d9b401a5d,rothkimberly@gmail.com,04/04/2025,19:06:25
e52baeed-295d-442a-be37-15fbfcce1321,236e487d-7f84-486a-ab67-37d89ac4ea56,patriciafrazier@yahoo.com,28/01/2025,23:02:15
24fecfa1-d791-4e6d-8407-9c3a2fdee48a,d5bf0bc6-a78e-4d06-80b8-82d231bd3b78,debra84@davis.com,18/11/2024,06:17:56
bf82078e-79f4-4c01-b879-18d4f08ba8ae,21d7f763-ab88-4570-a6be-ce13e2384628,josephjones@hotmail.com,21/11/2024,21:34:18
596562e0-3b97-48c0-bd8a-8b34cd7cb291,fcd6b129-b1ea-4d73-afbd-67e4c9098f00,julieflowers@gmail.com,26/11/2024,22:58:04
7cb71c6a-32b6-4f66-a936-eebcb7a10d31,65b72770-bc8a-4cf7-84f5-d92586d80bc6,jenkinsantonio@gmail.com,03/12/2024,23:46:46
0a797f9e-3e1f-4e1c-bc70-f83af23b4364,89c461b0-f443-44f6-b33c-f2fce407e3bd,stephaniegonzalez@yahoo.com,18/02/2025,07:58:31
b59962d5-a726-4137-9bc1-a6b75a0c6d82,ba9e0b08-782c-42b5-992d-90c9f8cbcc60,richardgonzalez@brown.com,01/04/2025,14:48:35
73be7224-750c-40f8-b3be-113cde9757ff,489598f2-d215-483b-9260-06d50e0b4faa,oyork@yahoo.com,09/12/2024,04:23:04
2a0f4a95-ab81-4870-81e5-ab751993c973,732f75c3-6ec8-4f30-8a28-e77bff8296c5,srosario@hotmail.com,28/11/2024,04:32:49
638224c2-bfc9-4cb8-b29e-31d99c89aae2,2a2c4d07-70f2-416c-a230-f66dcad53119,kathrynhunt@yahoo.com,12/11/2024,11:26:28
00b23430-2eaa-4c49-91f8-0cc8e4fa29d6,7250cf1b-3c0c-4e59-968e-9b5a15cac8ec,melissawilson@hotmail.com,25/11/2024,06:16:13
16cd3588-618e-4232-8754-94cc53dfb66f,417df71b-ab83-49d4-a3a8-032b2cc74086,jonesashley@gmail.com,28/02/2025,17:02:29
97d687a5-e10b-4d71-ad8c-a8e17b293ea9,6f63993b-133d-4901-9ec2-ac146ddb04fc,rubenlopez@daniels.com,25/03/2025,01:04:40
16644eb8-67b3-4d34-9782-b0b2475a2352,1b14f325-4992-467c-9cb1-001ae5fbfa1a,kevinbartlett@yahoo.com,08/02/2025,23:43:47
c6a5c918-52df-4dac-96ba-7ac72c73df9f,0f4bc2a3-26a0-48a1-94e9-aef860e96096,brittanysullivan@hotmail.com,04/04/2025,15:24:21
2918e44a-cbba-4427-9e8e-8eca4466658d,c2af1321-820d-44e4-9440-415e6790a61e,mike05@suarez.com,31/10/2024,13:54:12
d3e2329b-f75b-4fa9-8ea4-c8bfbaec64dc,ae41d738-b7ec-40c7-bb4c-016a8fe21133,michael00@yahoo.com,04/04/2025,13:02:00
b59962d5-a726-4137-9bc1-a6b75a0c6d82,18683ef4-2150-461a-b2de-414e985758bb,alisoncummings@rivera.net,16/03/2025,09:07:45
ec323f1b-7a30-4ca2-a2e6-bf967572e10b,4f951711-2435-4198-b5f0-da2499cd77df,ufisher@yahoo.com,04/02/2025,05:20:42
e65813bd-cc0e-4116-8c6a-6bd3af4a5eb7,cc8f25e6-6759-4cda-9d68-0975655b2956,carternicholas@morrison.com,18/01/2025,15:31:29
858ab6c1-44be-4816-a3d7-a04bcfa47b5d,e2bc75f3-5b88-49e9-a415-8b6b38cafadc,jenniferwalker@marshall-rivera.info,23/02/2025,03:05:35
b4270c53-0a29-4ba5-b78a-0f69c710cd00,078985e8-e4da-4e34-b708-267e7cea19a8,maldonadoaustin@yahoo.com,05/02/2025,22:15:45
0d630ae4-2b82-40d4-9c45-cc6dd6496068,889efa9b-9000-41bb-9ee2-21fdea452e53,johnsondave@hotmail.com,04/11/2024,15:08:30
ac272d83-f222-43e9-9035-85e6a0dabe65,aab6d78b-c8a3-4dd6-b6fb-3c2d590b9fcb,malikli@hotmail.com,16/12/2024,09:53:10
a5bbfcdd-20aa-44fd-b656-4d844e77a188,3ef83da8-0a8d-4db1-9307-63764654bcba,gphillips@chang-moore.com,28/02/2025,06:53:01
f8e45008-e957-4cbd-92ae-adfcdd9dd738,1ba7695f-0b5a-4f31-b54b-c174a509ddc7,sparksmonique@gmail.com,03/11/2024,20:06:11
95cf8590-ef5b-43f7-be36-60dfb06e783a,ea0ed4bf-d7a7-46f6-a55d-6519f33f56e7,reginapatel@michael.com,09/12/2024,10:07:34
e07b08fb-efd6-4c94-8981-1363c7a839c5,47d38df6-9865-4ee3-813c-957c46e20b53,wnorman@yahoo.com,09/11/2024,13:10:04
3722f388-421e-4880-b49f-e715c5a9b756,57542366-7025-459f-acfa-44e16244be22,kennethhicks@flores.info,28/11/2024,22:48:00
10bbf6c6-8d8a-46fe-84a0-4bcd6bf65e48,e6e94a42-a5fd-446f-b685-807e41331997,karenbradford@yahoo.com,11/03/2025,22:17:09
6298a0b6-e3fe-44bd-b8a4-c3af97cc910b,aa2e3951-4c8b-4f60-a03a-e0f00c0aee97,oruiz@craig-becker.com,11/02/2025,15:22:11
ba92cc8a-2124-4062-867c-adf1c85d4c6a,59a1d086-69df-4d1c-a593-0d820ac45634,legregory@walsh.com,23/01/2025,07:45:02